,time_iso,time_unix,electric_powerDemand,gnss_altitude,gnss_course,gnss_latitude,gnss_longitude,itcs_busRoute,itcs_numberOfPassengers,itcs_stopName,odometry_articulationAngle,odometry_steeringAngle,odometry_vehicleSpeed,odometry_wheelSpeed_fl,odometry_wheelSpeed_fr,odometry_wheelSpeed_ml,odometry_wheelSpeed_mr,odometry_wheelSpeed_rl,odometry_wheelSpeed_rr,status_doorIsOpen,status_gridIsAvailable,status_haltBrakeIsActive,status_parkBrakeIsActive,temperature_ambient,traction_brakePressure,traction_tractionForce
142,2019-04-30T03:21:18Z,1556594478,16140.75,397.8,1.432915,0.8270037,0.1484894,-,,-,-0.4607851,0.3892448,3.228894,3.065965,3.309021,2.996521,3.218779,2.652735,3.118049,0,1,0,0,292.15,0.0,3437.261
143,2019-04-30T03:21:19Z,1556594479,17476.71,397.8,1.432915,0.8270025,0.1484895,-,,-,-0.3454672,0.2320208,3.236604,3.080199,3.215508,3.055679,3.180786,2.78864,3.146064,0,1,0,0,292.15,0.0,3621.687
144,2019-04-30T03:21:20Z,1556594480,17800.86,397.8,1.432915,0.8270029,0.1484894,-,,-,-0.2268928,0.1471063,3.305451,3.162047,3.231492,3.144686,3.214131,3.008278,3.233972,0,1,0,0,292.15,0.0,3644.703
145,2019-04-30T03:21:21Z,1556594481,4461.355,397.8,1.432915,0.8270031,0.1484886,-,,-,-0.1465537,0.08546715,3.251502,3.115839,3.150561,3.112259,3.1332,3.015251,3.167922,0,1,0,0,292.15,0.0,-2.268991
146,2019-04-30T03:21:22Z,1556594482,28584.73,397.8,1.432915,0.8270022,0.148487,-,,-,-0.08557456,0.03152278,3.293897,3.184125,3.184125,3.17013,3.184125,3.114681,3.236208,0,1,0,0,292.15,0.0,6621.516
147,2019-04-30T03:21:23Z,1556594483,31207.22,397.8,1.432915,0.8270031,0.1484874,-,,-,-0.02617994,-0.0,3.544101,3.417415,3.417415,3.417415,3.417415,3.400054,3.452137,0,1,0,0,292.15,0.0,7047.042
148,2019-04-30T03:21:24Z,1556594484,32607.16,397.8299,1.474908,0.827001,0.1484869,-,,-,-0.0,-0.0,3.793694,3.663105,3.663105,3.663105,3.663105,3.663105,3.663105,0,1,0,0,292.15,0.0,7033.599
149,2019-04-30T03:21:25Z,1556594485,39229.61,400.314,4.932499,0.8270023,0.1484851,-,,-,-0.0,0.03310728,4.045902,3.898375,3.901954,3.898375,3.912157,3.898375,3.901954,0,1,0,0,292.15,0.0,7572.098
150,2019-04-30T03:21:26Z,1556594486,54537.21,401.6892,4.258572,0.827,0.1484845,-,,-,-0.0,0.01565398,4.404461,4.239702,4.239702,4.239702,4.239702,4.239702,4.257063,0,1,0,0,292.15,0.0,10395.16
151,2019-04-30T03:21:27Z,1556594487,52785.54,400.486,4.065155,0.8269981,0.1484842,-,,-,-0.0,0.008726646,4.860109,4.685218,4.712781,4.698999,4.702579,4.712781,4.698999,0,1,0,0,292.15,0.0,9944.972
152,2019-04-30T03:21:28Z,1556594488,105212.2,399.1192,4.262545,0.8269989,0.1484852,-,,-,-0.0,0.001780948,5.394077,5.202532,5.202532,5.209618,5.219893,5.206075,5.233711,0,1,0,0,292.15,0.0,17314.05
153,2019-04-30T03:21:29Z,1556594489,89766.56,400.7065,4.01469,0.826997,0.1484851,-,,-,0.01745329,0.008726646,6.066112,5.837439,5.837439,5.85122,5.837439,5.872161,5.882363,0,1,0,0,292.15,0.0,13451.42
154,2019-04-30T03:21:30Z,1556594490,91947.33,401.2039,4.186759,0.8269964,0.1484846,-,,-,0.01745329,0.01745329,6.605091,6.3764,6.3764,6.3764,6.390325,6.40425,6.390325,0,1,0,0,292.15,0.0,12302.83
155,2019-04-30T03:21:31Z,1556594491,37132.31,401.5,4.69766,0.8269977,0.1484836,-,,-,0.01745329,0.01043599,6.936412,6.684006,6.684006,6.680605,6.680605,6.684006,6.687406,0,1,0,0,292.15,0.0,4570.738
156,2019-04-30T03:21:32Z,1556594492,5441.703,401.5192,4.794231,0.8269978,0.1484829,-,,-,0.01745329,0.008726646,6.900737,6.663244,6.663244,6.649283,6.631922,6.635323,6.663244,0,1,0,0,292.15,0.0,56.80402
157,2019-04-30T03:21:33Z,1556594493,5715.438,403.1048,4.778879,0.8269976,0.1484813,-,,-,0.01745329,-0.0,6.804854,6.554054,6.554054,6.554054,6.554054,6.554054,6.554054,0,1,0,0,292.15,0.0,-11.5736
158,2019-04-30T03:21:34Z,1556594494,5176.296,403.4989,4.794577,0.8269978,0.1484803,-,,-,0.01745329,0.0192526,6.708359,6.456902,6.456902,6.446163,6.453322,6.456902,6.449742,0,1,0,0,292.15,0.0,-24.50469
159,2019-04-30T03:21:35Z,1556594495,-189.7617,403.3976,4.966467,0.8269983,0.1484791,-,,-,0.01745329,0.008726646,6.60765,6.386922,6.386922,6.369561,6.366306,6.383667,6.372817,0,1,0,0,292.15,0.0,-586.4989
160,2019-04-30T03:21:36Z,1556594496,-19492.46,403.2024,5.048107,0.8269989,0.1484773,-,,-,0.01745329,0.01745329,6.383873,6.147735,6.154536,6.130374,6.119814,6.144335,6.137175,0,1,0,0,292.15,0.0,-4069.433
161,2019-04-30T03:21:37Z,1556594497,-47280.76,403.3928,4.955544,0.8269987,0.1484754,-,,-,0.01745329,-0.0,5.897897,5.681955,5.675083,5.664594,5.647233,5.661158,5.678519,0,1,0,0,292.15,0.0,-9261.718
162,2019-04-30T03:21:38Z,1556594498,-40712.52,402.7931,5.001772,0.8269993,0.1484742,-,,-,0.04534257,-0.1185744,5.270012,5.176173,4.99576,5.106729,4.974999,5.072006,5.079165,0,1,0,0,292.15,0.0,-9425.081
163,2019-04-30T03:21:39Z,1556594499,-20958.28,402.2088,5.046896,0.8269998,0.1484731,-,,-,0.1709877,-0.4327871,4.617033,4.901541,4.408558,4.651614,4.175992,4.533522,4.384325,0,1,0,0,292.15,0.0,-6701.003
164,2019-04-30T03:21:40Z,1556594500,-6824.337,403.0399,4.994392,0.8269999,0.1484711,-,,-,0.3699734,-0.6701337,4.120275,4.791056,4.103484,4.301509,3.62099,4.096612,3.77724,0,1,0,0,292.15,0.0,-3609.816
165,2019-04-30T03:21:41Z,1556594501,4539.927,406.37,5.078154,0.827,0.1484675,-,,-,0.5603234,-0.7712173,3.847244,4.702556,4.008111,4.0913,3.303539,3.824373,3.323794,0,1,0,0,292.15,1666.667,-139.488
166,2019-04-30T03:21:42Z,1556594502,41632.09,407.911,5.55271,0.8270019,0.1484674,-,,-,0.5828673,-0.48142,4.262998,4.616925,4.130815,4.360126,3.891376,4.134431,3.426243,0,1,0,0,292.15,0.0,8516.79
167,2019-04-30T03:21:43Z,1556594503,55344.73,411.5775,5.825336,0.8270025,0.1484674,-,,-,0.4240438,-0.2233309,4.701511,4.709511,4.473542,4.647153,4.428191,4.59507,4.004792,0,1,0,0,292.15,170.068,10143.82
168,2019-04-30T03:21:44Z,1556594504,67166.45,415.3188,6.028549,0.8270032,0.1484675,-,,-,0.2583451,-0.1187188,5.181425,5.101714,4.962825,5.084353,4.924486,5.073864,4.716153,0,1,0,0,292.15,164.9306,11449.18
169,2019-04-30T03:21:45Z,1556594505,85901.23,425.1036,0.5821013,0.827006,0.1484684,-,,-,0.1553343,-0.08726646,5.739247,5.582466,5.513021,5.62066,5.502604,5.662326,5.426216,0,1,0,0,291.5316,166.6667,13408.29
170,2019-04-30T03:21:46Z,1556594506,86181.09,425.4402,0.5145534,0.8270068,0.148469,-,,-,0.1134464,-0.07672177,6.333039,6.153745,6.049579,6.153745,6.049579,6.194978,5.987368,0,1,0,0,291.15,0.0,12270.7
171,2019-04-30T03:21:47Z,1556594507,91810.32,428.5276,0.6239675,0.8270083,0.1484701,-,,-,0.06801386,-0.0,6.88489,6.628611,6.628611,6.645972,6.632191,6.684274,6.580107,0,1,0,0,291.15,0.0,12014.88
172,2019-04-30T03:21:48Z,1556594508,94673.65,431.0623,0.7036168,0.8270094,0.1484713,-,,-,0.02445279,0.02445279,7.403468,7.134897,7.134897,7.120972,7.148822,7.183544,7.166183,0,1,0,0,291.15,0.0,11651.75
173,2019-04-30T03:21:49Z,1556594509,150551.3,435.8341,0.7226624,0.8270112,0.1484721,-,,-,0.008726646,-0.0,8.003579,7.701465,7.701465,7.732608,7.715247,7.718826,7.725986,0,1,0,0,291.15,0.0,17239.56
174,2019-04-30T03:21:50Z,1556594510,55907.68,438.8555,0.7314609,0.8270131,0.1484728,-,,-,0.02617994,0.008726646,8.63301,8.304613,8.332463,8.318538,8.321974,8.318538,8.304613,0,1,0,0,291.15,0.0,6186.164
175,2019-04-30T03:21:51Z,1556594511,53731.13,435.2419,0.745402,0.8270137,0.1484741,-,,-,0.02617994,0.02617994,8.862915,8.524057,8.562215,8.541418,8.544854,8.541418,8.541418,0,1,0,0,291.15,0.0,5287.364
176,2019-04-30T03:21:52Z,1556594512,54673.09,438.2,0.755115,0.8270156,0.1484755,-,,-,-0.0,0.04363323,9.096701,8.722805,8.806175,8.740167,8.760964,8.750656,8.757527,0,1,0,0,291.15,0.0,5172.097
177,2019-04-30T03:21:53Z,1556594513,90865.71,438.1961,0.7085357,0.8270169,0.1484764,-,,-,0.008726646,0.008726646,9.317953,8.953508,8.953508,8.970869,8.956833,8.953508,8.960157,0,1,0,0,291.15,0.0,7833.537
178,2019-04-30T03:21:54Z,1556594514,114932.6,437.8964,0.7028865,0.8270186,0.1484779,-,,-,0.01745329,-0.0,9.760341,9.408459,9.408459,9.439601,9.408459,9.425819,9.429399,0,1,0,0,291.15,0.0,10781.72
179,2019-04-30T03:21:55Z,1556594515,6006.639,437.5978,0.6628593,0.8270203,0.1484794,-,,-,0.02617994,-0.0,9.836021,9.493228,9.493228,9.479483,9.468633,9.496844,9.472249,0,1,0,0,291.15,0.0,4.507271
180,2019-04-30T03:21:56Z,1556594516,6053.831,437.3986,0.6300883,0.8270216,0.1484807,-,,-,0.02617994,0.01745329,9.791923,9.424767,9.431639,9.400352,9.396916,9.442127,9.424767,0,1,0,0,291.15,0.0,-4.423327
181,2019-04-30T03:21:57Z,1556594517,6276.914,437.2935,0.632964,0.8270235,0.1484822,-,,-,0.008726646,0.01745329,9.727779,9.3648,9.385633,9.361328,9.354383,9.361328,9.340495,0,1,0,0,291.15,0.0,-10.41834
182,2019-04-30T03:21:58Z,1556594518,5379.875,436.7912,0.720379,0.8270248,0.1484839,-,,-,0.008726646,-0.0,9.659454,9.3049,9.3049,9.298028,9.301464,9.27705,9.290975,0,1,0,0,291.15,0.0,-22.65923
183,2019-04-30T03:21:59Z,1556594519,5798.058,435.9964,0.6809716,0.8270261,0.1484854,-,,-,0.02617994,0.001727149,9.59074,9.249155,9.249155,9.231793,9.228357,9.249155,9.235229,0,1,0,0,291.15,0.0,-0.5271513
184,2019-04-30T03:22:00Z,1556594520,5806.499,435.7168,0.7052595,0.8270274,0.148487,-,,-,0.02617994,0.02617994,9.532404,9.176025,9.210748,9.176025,9.176025,9.193387,9.189951,0,1,0,0,291.15,0.0,2.106485
185,2019-04-30T03:22:01Z,1556594521,5119.663,437.0956,0.7173111,0.8270285,0.1484886,-,,-,-0.0,0.03490658,9.456394,9.092894,9.162338,9.078968,9.117126,9.092894,9.12418,0,1,0,0,291.15,0.0,5.211719
186,2019-04-30T03:22:02Z,1556594522,5529.855,436.694,0.7159414,0.8270299,0.1484902,-,,-,-0.0,0.02617994,9.389981,9.033406,9.068129,9.016046,9.036842,9.037024,9.050768,0,1,0,0,291.15,0.0,-31.59956
187,2019-04-30T03:22:03Z,1556594523,6181.689,436.1883,0.7453009,0.8270311,0.1484914,-,,-,0.008726646,0.006908595,9.333507,8.98546,8.98546,8.981844,8.981844,8.981844,8.971716,0,1,0,0,291.15,0.0,-0.4338323
188,2019-04-30T03:22:04Z,1556594524,5511.172,435.3,0.7491308,0.8270322,0.1484924,-,,-,0.01745329,-0.0,9.263697,8.928969,8.928969,8.92539,8.915188,8.915188,8.901406,0,1,0,0,291.15,0.0,-9.881309
189,2019-04-30T03:22:05Z,1556594525,5605.88,435.296,0.7779617,0.8270333,0.148494,-,,-,0.02617994,-0.0,9.193863,8.858315,8.858315,8.84439,8.851443,8.84439,8.830465,0,1,0,0,291.15,0.0,-8.341533
190,2019-04-30T03:22:06Z,1556594526,-138552.2,434.9234,0.7338543,0.8270343,0.1484952,-,,-,0.02617994,-0.0,8.87953,8.604827,8.604827,8.504277,8.510787,8.542617,8.525255,0,1,0,0,291.15,0.0,-15419.27
191,2019-04-30T03:22:07Z,1556594527,-183198.2,436.7048,0.7955976,0.8270352,0.148497,-,,-,0.02617994,0.001818051,7.683053,7.449092,7.449092,7.331182,7.348543,7.376031,7.321054,0,1,0,0,291.15,17986.11,-25604.1
192,2019-04-30T03:22:08Z,1556594528,-190137.8,437.0896,0.7726142,0.8270365,0.1484983,-,,-,0.02258132,0.02617994,5.941976,5.75711,5.75711,5.63254,5.663145,5.621801,5.666725,0,1,0,0,291.15,80025.77,-36376.91
193,2019-04-30T03:22:09Z,1556594529,-79030.6,436.312,0.7295686,0.827038,0.1484998,-,,-,-0.0,0.02436189,3.494908,3.295446,3.295446,3.260724,3.260724,3.278085,3.278085,0,1,0,0,291.15,18333.33,-31323.32
194,2019-04-30T03:22:10Z,1556594530,-11897.0,437.2832,0.730645,0.8270388,0.1485008,-,,-,-0.0,0.008726646,1.743343,1.601873,1.601873,1.584512,1.584512,1.601873,1.598152,0,1,0,0,291.15,61011.9,-34780.43
195,2019-04-30T03:22:11Z,1556594531,28881.56,435.903,0.6770653,0.8270398,0.148501,-,,-,-0.0,0.008726646,0.0098546,0.0,0.0,0.0,0.0,0.0,0.0,0,1,0,0,291.15,107431.3,-184.1646
196,2019-04-30T03:22:12Z,1556594532,28528.39,436.1892,0.6640061,0.8270404,0.1485015,-,,-,-0.0,0.008726646,0.0,0.0,0.0,0.0,0.0,0.0,0.0,0,1,0,0,291.15,250357.1,-5.301848
197,2019-04-30T03:22:13Z,1556594533,28615.54,435.3123,0.5846286,0.8270408,0.1485018,-,,-,-0.0,0.008726646,0.0,0.0,0.0,0.0,0.0,0.0,0.0,0,1,0,0,291.15,245176.8,6.435376
198,2019-04-30T03:22:14Z,1556594534,28658.48,436.2624,0.5802652,0.8270406,0.1485016,-,,-,-0.0,0.006837372,0.0,0.0,0.0,0.0,0.0,0.0,0.0,0,1,0,0,291.15,246013.8,3.735522
199,2019-04-30T03:22:15Z,1556594535,28424.9,437.2104,0.5807801,0.8270403,0.1485014,-,,-,-0.0,0.008726646,0.0,0.0,0.0,0.0,0.0,0.0,0.0,0,1,0,0,291.15,245833.3,-0.7368229
200,2019-04-30T03:22:16Z,1556594536,28618.24,438.0104,0.9516626,0.8270404,0.1485015,-,,-,-0.0,0.008726646,0.0,0.0,0.0,0.0,0.0,0.0,0.0,0,1,0,0,291.15,248513.8,-5.209168
201,2019-04-30T03:22:17Z,1556594537,28210.95,438.8052,1.317724,0.8270405,0.1485017,-,,-,-0.0,0.006837372,0.0,0.0,0.0,0.0,0.0,0.0,0.0,0,1,0,0,291.15,244166.7,0.0
202,2019-04-30T03:22:18Z,1556594538,28318.28,439.202,1.317724,0.8270404,0.1485013,-,,-,-0.0,-0.0,0.0,0.0,0.0,0.0,0.0,0.0,0.0,0,1,0,0,291.15,246847.1,15.02743
203,2019-04-30T03:22:19Z,1556594539,27948.72,439.3988,1.317724,0.8270405,0.1485011,-,,-,-0.0,0.008726646,0.0,0.0,0.0,0.0,0.0,0.0,0.0,0,1,0,0,291.15,242500.0,-1.611083
204,2019-04-30T03:22:20Z,1556594540,28118.14,439.1993,1.317724,0.8270404,0.1485012,-,,-,-0.0,0.001869996,0.0,0.0,0.0,0.0,0.0,0.0,0.0,0,1,0,0,291.15,245833.3,25.1229
205,2019-04-30T03:22:21Z,1556594541,28492.73,439.109,1.317724,0.8270404,0.1485012,-,,-,-0.0,0.008726646,0.0,0.0,0.0,0.0,0.0,0.0,0.0,0,1,0,0,291.15,247500.0,15.8093
206,2019-04-30T03:22:22Z,1556594542,27669.74,440.1072,1.317724,0.8270404,0.148501,-,,-,-0.0,0.006875539,0.0,0.0,0.0,0.0,0.0,0.0,0.0,0,1,0,0,291.15,247500.0,17.1328
207,2019-04-30T03:22:23Z,1556594543,27878.27,440.9054,1.317724,0.8270405,0.1485006,-,,-,-0.0,0.008726646,0.0,0.0,0.0,0.0,0.0,0.0,0.0,0,1,0,0,291.15,249166.7,-7.816244
208,2019-04-30T03:22:24Z,1556594544,28360.07,441.4982,1.317724,0.8270404,0.1485005,-,,-,-0.0,0.001889274,0.0,0.0,0.0,0.0,0.0,0.0,0.0,0,1,0,0,291.15,245000.0,-2.3223
209,2019-04-30T03:22:25Z,1556594545,27402.08,441.3096,1.317724,0.8270406,0.1485007,-,,-,-0.0,0.008726646,0.0,0.0,0.0,0.0,0.0,0.0,0.0,0,1,0,0,291.15,247500.0,-6.685994
210,2019-04-30T03:22:26Z,1556594546,27719.53,442.5024,1.317724,0.8270407,0.1485007,-,,-,-0.0,0.001711107,0.0,0.0,0.0,0.0,0.0,0.0,0.0,0,1,0,0,291.15,243496.7,-1.072476
211,2019-04-30T03:22:27Z,1556594547,28469.91,442.8,1.317724,0.8270407,0.1485006,-,,-,-0.0,0.001818051,0.0,0.0,0.0,0.0,0.0,0.0,0.0,0,1,0,0,291.15,246666.7,329.1805
212,2019-04-30T03:22:28Z,1556594548,39816.52,442.7982,1.317724,0.8270407,0.1485006,-,,-,-0.0,0.007055587,0.2250004,0.0,0.0,0.0,0.0,0.0,0.0,0,1,0,0,291.15,0.0,20451.98
213,2019-04-30T03:22:29Z,1556594549,55777.0,442.6063,1.317724,0.8270407,0.1485005,-,,-,-0.0,0.008726646,1.127692,1.110138,1.110138,1.110138,1.110138,1.110138,1.110138,0,1,0,0,291.15,0.0,19200.38
214,2019-04-30T03:22:30Z,1556594550,69394.97,443.3,1.317724,0.8270407,0.1485004,-,,-,-0.0,0.04363323,1.95929,1.92532,1.92532,1.92532,1.92532,1.92532,1.92532,0,1,0,0,291.15,0.0,18274.48
215,2019-04-30T03:22:31Z,1556594551,83711.76,443.3063,1.317724,0.8270407,0.1485005,-,,-,-0.0,0.02617994,2.793066,2.712606,2.712606,2.712606,2.712606,2.712606,2.729968,0,1,0,0,291.15,0.0,18095.23
216,2019-04-30T03:22:32Z,1556594552,98217.84,444.0018,1.317724,0.8270407,0.1485005,-,,-,-0.0,0.01745329,3.594153,3.477111,3.477111,3.477111,3.477111,3.494472,3.511833,0,1,0,0,291.15,0.0,18000.03
217,2019-04-30T03:22:33Z,1556594553,78091.24,444.2,1.317724,0.8270407,0.1485005,-,,-,-0.0,0.01745329,4.132748,3.980577,3.980577,3.980577,3.984375,3.994141,3.994141,0,1,0,0,291.15,0.0,10803.04
218,2019-04-30T03:22:34Z,1556594554,56878.35,444.2,1.317724,0.8270407,0.1485005,-,,-,0.01745329,-0.01934257,4.548203,4.389587,4.38207,4.385828,4.38207,4.38207,4.389587,0,1,0,0,291.15,0.0,6284.865
219,2019-04-30T03:22:35Z,1556594555,50968.09,444.2,1.317724,0.8270407,0.1485005,-,,-,0.05422987,-0.1608196,4.730886,4.703389,4.487615,4.657506,4.464053,4.591782,4.5645,0,1,0,0,291.15,0.0,4573.372
220,2019-04-30T03:22:36Z,1556594556,43535.52,444.2027,1.317724,0.8270407,0.1485005,-,,-,0.1695848,-0.3790244,4.764187,4.964115,4.539931,4.800347,4.393525,4.668976,4.536172,0,1,0,0,291.15,0.0,2938.809
221,2019-04-30T03:22:37Z,1556594557,47303.38,444.4811,1.317724,0.8270407,0.1485004,-,,-,0.3179378,-0.5061455,4.758589,5.173421,4.575626,4.836043,4.31145,4.710756,4.377137,0,1,0,0,291.15,0.0,3502.894
222,2019-04-30T03:22:38Z,1556594558,53110.22,442.3964,1.317724,0.8270405,0.1485005,-,,-,0.403315,-0.4799655,4.89776,5.306728,4.730053,5.011589,4.448516,4.886303,4.369228,0,1,0,0,291.15,0.0,4828.413
223,2019-04-30T03:22:39Z,1556594559,58905.16,441.9991,1.317724,0.8270404,0.1485005,-,,-,0.3839724,-0.3559032,5.150426,5.332557,4.896203,5.162705,4.739953,5.083416,4.516585,0,1,0,0,291.15,0.0,5801.839
224,2019-04-30T03:22:40Z,1556594560,87520.91,441.9,1.317724,0.8270404,0.1485005,-,,-,0.294836,-0.1620663,5.547517,5.523624,5.260727,5.444259,5.233445,5.46906,4.98915,0,1,0,0,291.15,0.0,10301.32
225,2019-04-30T03:22:41Z,1556594561,29540.34,441.9018,1.317724,0.8270404,0.1485005,-,,-,0.1533011,-0.02429066,5.804665,5.614385,5.606867,5.610626,5.535096,5.68007,5.427171,0,1,0,0,291.15,0.0,239.0638
226,2019-04-30T03:22:42Z,1556594562,28544.16,442.0928,1.317724,0.8270404,0.1485005,-,,-,0.05914727,0.008726646,5.747222,5.521075,5.521075,5.521075,5.517217,5.534578,5.45163,0,1,0,0,291.15,0.0,-8.392549
227,2019-04-30T03:22:43Z,1556594563,-12823.55,441.1976,1.317724,0.8270403,0.1485006,-,,-,0.03490658,-0.0,5.43378,5.263214,5.263214,5.214889,5.197527,5.249611,5.201286,0,1,0,0,291.15,0.0,-8306.608
228,2019-04-30T03:22:44Z,1556594564,-24699.53,440.9989,1.325099,0.8270403,0.1485006,-,,-,0.03490658,0.008726646,4.850291,4.68099,4.68099,4.659908,4.659908,4.69463,4.677269,0,1,0,0,291.15,0.0,-11822.12
229,2019-04-30T03:22:45Z,1556594565,-29576.11,440.8692,1.987235,0.8270401,0.1485013,-,,-,0.01745329,0.01745329,4.094043,3.939775,3.939775,3.926173,3.908812,3.939775,3.939775,0,1,0,0,291.15,0.0,-15549.16
230,2019-04-30T03:22:46Z,1556594566,-24920.75,438.693,2.061869,0.8270392,0.1485026,-,,-,0.01745329,0.02799799,3.149687,3.027751,3.027751,3.01039,3.01039,3.027751,3.024134,0,1,0,0,291.15,0.0,-19274.88
231,2019-04-30T03:22:47Z,1556594567,-9877.885,438.1136,2.107001,0.8270385,0.1485039,-,,-,0.006767603,0.04363323,1.995994,1.911361,1.911361,1.880536,1.894,1.897897,1.897897,0,1,0,0,291.15,0.0,-23861.63
232,2019-04-30T03:22:48Z,1556594568,28551.2,431.9819,2.135832,0.827037,0.148506,-,,-,-0.0,0.04363323,0.08972445,0.0,0.0,0.0,0.0,0.0,0.0,0,1,0,0,291.15,73402.77,-1661.642
233,2019-04-30T03:22:49Z,1556594569,27845.65,429.9846,2.27207,0.8270369,0.1485049,-,,-,-0.0,0.04363323,0.0,0.0,0.0,0.0,0.0,0.0,0.0,0,1,0,0,291.15,265918.4,-2.601404
234,2019-04-30T03:22:50Z,1556594570,28076.8,428.8712,1.874428,0.827037,0.1485064,-,,-,-0.0,0.04363323,0.0,0.0,0.0,0.0,0.0,0.0,0.0,1,1,0,0,291.15,248168.4,-2.601404
235,2019-04-30T03:22:51Z,1556594571,28364.9,426.5,1.579296,0.8270369,0.1485074,-,,-,-0.0,0.04363323,0.0,0.0,0.0,0.0,0.0,0.0,0.0,1,1,0,0,291.15,246013.8,-2.319808
236,2019-04-30T03:22:52Z,1556594572,28070.8,426.506,1.317724,0.8270373,0.1485077,-,,-,-0.0,0.04363323,0.0,0.0,0.0,0.0,0.0,0.0,0.0,1,1,0,0,291.15,247500.0,0.0
237,2019-04-30T03:22:53Z,1556594573,28266.63,426.8944,1.313203,0.827037,0.1485073,-,,-,-0.0,0.04363323,0.0,0.0,0.0,0.0,0.0,0.0,0.0,1,1,0,0,291.15,248694.2,0.0
238,2019-04-30T03:22:54Z,1556594574,28101.24,426.4944,0.9936404,0.8270367,0.1485084,-,,-,-0.0,0.04363323,0.0,0.0,0.0,0.0,0.0,0.0,0.0,1,1,0,0,289.9112,246666.7,0.0
239,2019-04-30T03:22:55Z,1556594575,28339.81,426.0874,0.911198,0.8270368,0.148509,-,,-,-0.0,0.04363323,0.0,0.0,0.0,0.0,0.0,0.0,0.0,1,1,0,0,290.3893,248333.3,0.0
240,2019-04-30T03:22:56Z,1556594576,28362.78,425.214,1.044269,0.8270367,0.1485095,-,,-,-0.0,0.04363323,0.0,0.0,0.0,0.0,0.0,0.0,0.0,1,1,0,0,291.15,246666.7,0.0
241,2019-04-30T03:22:57Z,1556594577,27879.92,426.188,1.085001,0.8270372,0.1485102,-,,-,-0.0,0.04363323,0.0,0.0,0.0,0.0,0.0,0.0,0.0,1,1,0,0,291.15,249166.7,0.0
242,2019-04-30T03:22:58Z,1556594578,29603.6,425.3865,1.162786,0.8270373,0.1485105,-,,-,-0.0,0.04363323,0.03207832,0.0,0.0,0.0,0.0,0.0,0.0,0,1,0,0,289.9108,245357.1,3790.504
243,2019-04-30T03:22:59Z,1556594579,29162.97,424.5272,1.303761,0.8270373,0.148511,-,,-,-0.0,0.04363323,0.08225211,0.0,0.0,0.0,0.0,0.0,0.0,0,1,0,0,290.3863,0.0,2441.836
244,2019-04-30T03:23:00Z,1556594580,28528.43,426.5883,1.303761,0.8270374,0.148511,-,,-,-0.0,0.04363323,0.1671326,0.0,0.0,0.0,0.0,0.0,0.0,0,1,0,0,291.15,0.0,2123.819
245,2019-04-30T03:23:01Z,1556594581,35392.06,425.2833,1.303761,0.8270374,0.1485112,-,,-,-0.0,0.04363323,0.3635275,0.0,0.0,0.0,0.0,0.0,0.0,0,1,0,0,291.15,0.0,10273.3
246,2019-04-30T03:23:02Z,1556594582,46853.79,423.9126,1.303761,0.8270373,0.1485112,-,1.0,"ZÃ¼rich, Herdernstrasse",-0.0,0.04543254,0.9391952,0.9175102,0.9175102,0.9175102,0.9175102,0.9175102,0.9175102,0,1,0,0,291.15,0.0,14819.53
247,2019-04-30T03:23:03Z,1556594583,60282.95,425.312,1.303761,0.8270372,0.148511,-,,-,-0.0,0.1134464,1.644855,1.59701,1.631732,1.600768,1.627973,1.614371,1.614371,0,1,0,0,291.15,0.0,16291.17
248,2019-04-30T03:23:04Z,1556594584,74734.64,426.502,1.303761,0.827037,0.1485111,-,,-,-0.02617994,0.1658063,2.450197,2.351894,2.421338,2.351894,2.407736,2.373013,2.390374,0,1,0,0,291.15,0.0,16752.33
249,2019-04-30T03:23:05Z,1556594585,87416.82,426.707,1.303761,0.827037,0.1485111,-,,-,-0.06108652,0.1727149,3.224378,3.085169,3.189336,3.085169,3.15823,3.10253,3.144486,0,1,0,0,291.15,0.0,16936.65
250,2019-04-30T03:23:06Z,1556594586,73382.04,427.4,1.303761,0.8270369,0.1485111,-,,-,-0.06981317,0.1308997,3.88771,3.699499,3.803666,3.71686,3.800049,3.713243,3.803666,0,1,0,0,289.9132,0.0,9906.08
251,2019-04-30T03:23:07Z,1556594587,110643.6,427.4154,1.303761,0.8270369,0.1485111,-,,-,-0.06981317,0.1047198,4.60315,4.406098,4.48306,4.423459,4.496662,4.409856,4.486818,0,1,0,0,289.15,0.0,16749.97
252,2019-04-30T03:23:08Z,1556594588,125114.1,428.8055,1.303761,0.8270369,0.1485112,-,,-,-0.04363323,0.05235988,5.376899,5.175347,5.21007,5.17882,5.206597,5.133681,5.27257,0,1,0,0,289.15,0.0,16983.43
253,2019-04-30T03:23:09Z,1556594589,140496.9,429.296,1.303761,0.8270369,0.1485112,-,,-,-0.008726646,0.006912195,6.140758,5.939101,5.939101,5.94271,5.94271,5.939101,6.008545,0,1,0,0,289.15,0.0,17246.37
254,2019-04-30T03:23:10Z,1556594590,153024.2,428.9055,1.303761,0.8270368,0.1485113,-,,-,0.02804993,-0.04550323,6.958282,6.7551,6.678215,6.768741,6.695576,6.741459,6.734019,0,1,0,0,289.15,0.0,17097.5
255,2019-04-30T03:23:11Z,1556594591,153352.6,429.3967,1.303761,0.8270367,0.1485114,-,,-,0.06108652,-0.05235988,7.710003,7.48386,7.379694,7.487477,7.379694,7.511348,7.400671,0,1,0,0,289.15,0.0,15502.8
256,2019-04-30T03:23:12Z,1556594592,159748.1,429.1165,1.303761,0.8270367,0.1485114,-,,-,0.06981317,-0.05235988,8.406065,8.168713,8.029824,8.164992,8.078187,8.199715,8.060826,0,1,0,0,289.15,0.0,14879.44
257,2019-04-30T03:23:13Z,1556594593,131946.1,430.592,1.303761,0.8270367,0.1485115,-,,-,0.06981317,-0.01556402,9.012637,8.70822,8.659895,8.718063,8.673497,8.777664,8.652378,0,1,0,0,289.15,0.0,11146.17
258,2019-04-30T03:23:14Z,1556594594,194291.3,429.793,1.303761,0.8270366,0.1485117,-,,-,0.02617994,0.008726646,9.659472,9.293117,9.293117,9.32408,9.320322,9.372405,9.30296,0,1,0,0,289.15,0.0,16532.71
259,2019-04-30T03:23:15Z,1556594595,209744.3,429.0934,1.303761,0.8270366,0.1485118,-,,-,0.01745329,0.008726646,10.44024,10.05305,10.05305,10.08401,10.05305,10.09153,10.08168,0,1,0,0,289.15,0.0,16870.68
260,2019-04-30T03:23:16Z,1556594596,226692.6,428.5055,1.303761,0.8270365,0.1485118,-,,-,0.01745329,0.006837372,11.23941,10.81493,10.78773,10.82245,10.82853,10.86702,10.82853,0,1,0,0,289.15,0.0,16638.9
261,2019-04-30T03:23:17Z,1556594597,205156.9,429.0,1.303761,0.8270365,0.1485119,-,,-,0.01745329,0.01745329,11.91876,11.45435,11.46187,11.47923,11.48907,11.51019,11.50268,0,1,0,0,289.15,0.0,14796.0
262,2019-04-30T03:23:18Z,1556594598,169342.0,429.0,1.313023,0.8270365,0.1485121,-,,-,0.01745329,0.01745329,12.34596,11.88719,11.88719,11.88719,11.90123,11.93262,11.93262,0,1,0,0,289.15,0.0,11272.1
263,2019-04-30T03:23:19Z,1556594599,266191.1,428.9744,2.014613,0.8270361,0.1485132,-,,-,0.01745329,0.01745329,12.80809,12.28761,12.29512,12.32985,12.33969,12.35329,12.32985,0,1,0,0,289.15,0.0,16554.9
264,2019-04-30T03:23:20Z,1556594600,166643.9,427.4272,2.045889,0.8270338,0.1485188,-,,-,0.01745329,0.01745329,13.4574,12.95485,12.98957,12.9845,12.97475,12.97728,13.00694,0,1,0,0,289.15,0.0,12657.26
265,2019-04-30T03:23:21Z,1556594601,140516.4,429.1464,2.068159,0.8270318,0.148522,-,,-,0.01745329,0.008726646,13.66433,13.16181,13.16181,13.15189,13.16181,13.1891,13.1829,0,1,0,0,289.15,0.0,8277.81
266,2019-04-30T03:23:22Z,1556594602,116191.2,431.9696,2.063971,0.8270308,0.1485249,-,,-,0.01745329,-0.0,13.85654,13.35741,13.3438,13.3438,13.32644,13.35132,13.3438,0,1,0,0,289.15,0.0,6547.549
267,2019-04-30T03:23:23Z,1556594603,89438.84,430.1287,2.018157,0.82703,0.1485291,-,,-,0.01745329,-0.0,13.88956,13.38061,13.37317,13.37689,13.32853,13.39053,13.33597,0,1,0,0,289.15,0.0,4385.146
268,2019-04-30T03:23:24Z,1556594604,84789.38,431.8831,2.052393,0.827028,0.1485312,-,,-,0.01745329,-0.0,13.91943,13.4128,13.38443,13.40813,13.38125,13.44435,13.39227,0,1,0,0,289.15,0.0,3967.737
269,2019-04-30T03:23:25Z,1556594605,83533.05,430.6096,2.04392,0.8270266,0.1485356,-,,-,0.01745329,-0.0,13.91902,13.40324,13.39587,13.42323,13.36483,13.4206,13.39956,0,1,0,0,289.15,0.0,3967.357
270,2019-04-30T03:23:26Z,1556594606,84567.53,431.1643,2.053574,0.8270257,0.1485388,-,,-,0.01745329,-0.0,13.93122,13.43389,13.39917,13.42999,13.37224,13.44346,13.37614,0,1,0,0,289.15,0.0,3918.812
271,2019-04-30T03:23:27Z,1556594607,66346.34,429.0392,2.114976,0.8270233,0.1485426,-,,-,0.01745329,-0.0,13.92231,13.41898,13.41146,13.38801,13.38282,13.44242,13.39642,0,1,0,0,289.15,0.0,2799.484
272,2019-04-30T03:23:28Z,1556594608,30064.02,425.324,2.092545,0.8270205,0.1485509,-,,-,0.01745329,0.008726646,13.80924,13.32092,13.32092,13.2997,13.25919,13.29391,13.2669,0,1,0,0,289.15,0.0,-28.65466
273,2019-04-30T03:23:29Z,1556594609,30167.38,426.8824,2.08578,0.8270187,0.148556,-,,-,0.01745329,0.008726646,13.65749,13.15982,13.15982,13.12878,13.13509,13.15246,13.12142,0,1,0,0,289.15,0.0,-49.93165
274,2019-04-30T03:23:30Z,1556594610,29765.92,425.7958,2.092772,0.8270172,0.1485598,-,,-,0.01745329,0.008726646,13.52651,13.03081,13.03081,13.01703,12.98589,13.02777,13.00325,0,1,0,0,289.15,0.0,-34.92939
275,2019-04-30T03:23:31Z,1556594611,29887.15,425.5222,2.102536,0.8270149,0.1485679,-,,-,0.01745329,0.02617994,13.36572,12.84926,12.89121,12.84926,12.86662,12.863,12.86662,0,1,0,0,289.15,0.0,-35.33229
276,2019-04-30T03:23:32Z,1556594612,30008.23,427.1955,2.189759,0.827015,0.1485674,-,,-,0.008726646,0.008726646,13.19921,12.69051,12.71794,12.70058,12.68686,12.69051,12.70787,0,1,0,0,289.15,0.0,12.95022
277,2019-04-30T03:23:33Z,1556594613,17432.64,426.8898,2.14856,0.8270145,0.1485695,-,,-,0.008726646,0.008726646,13.07643,12.60831,12.61567,12.59831,12.57359,12.60831,12.60094,0,1,0,0,288.531,0.0,-685.0528
278,2019-04-30T03:23:34Z,1556594614,-33487.35,426.276,2.151824,0.8270135,0.1485721,-,,-,0.008726646,0.01745329,12.71212,12.25307,12.28035,12.22455,12.20843,12.25555,12.22827,0,1,0,0,288.15,0.0,-5275.756
279,2019-04-30T03:23:35Z,1556594615,-75268.75,424.8096,2.141658,0.8270123,0.1485759,-,,-,0.008726646,0.008726646,12.16719,11.72991,11.75719,11.67039,11.67783,11.71875,11.68527,0,1,0,0,288.15,0.0,-8845.837
280,2019-04-30T03:23:36Z,1556594616,-152011.7,425.4091,2.150223,0.8270115,0.1485793,-,,-,0.008726646,0.01745329,11.26937,10.8935,10.92043,10.78154,10.80669,10.81626,10.80669,0,1,0,0,288.15,0.0,-16639.75
281,2019-04-30T03:23:37Z,1556594617,-151650.3,426.1016,2.148026,0.8270112,0.1485825,-,,-,0.008726646,0.01745329,10.16122,9.812048,9.84677,9.729001,9.756207,9.777326,9.773567,0,1,0,0,288.15,0.0,-18641.8
282,2019-04-30T03:23:38Z,1556594618,-145339.4,426.2208,2.118746,0.8270109,0.1485853,-,,-,0.008726646,0.01934257,9.043876,8.73387,8.768592,8.660666,8.660666,8.695389,8.687872,0,1,0,0,288.15,0.0,-20465.38
283,2019-04-30T03:23:39Z,1556594619,-122531.5,427.516,2.112728,0.8270097,0.1485877,-,,-,0.008726646,0.03490658,7.90984,7.612983,7.647705,7.543539,7.578261,7.595622,7.595622,0,1,0,0,288.15,0.0,-20535.21
284,2019-04-30T03:23:40Z,1556594620,-76589.55,428.4984,2.060465,0.8270097,0.1485901,-,,-,-0.0,0.05235988,6.795696,6.523438,6.592882,6.481275,6.537079,6.529638,6.519718,0,1,0,0,288.15,0.0,-17085.87
285,2019-04-30T03:23:41Z,1556594621,-75857.4,428.4405,2.120785,0.8270095,0.1485918,-,,-,-0.008726646,0.06108652,5.813191,5.572704,5.634989,5.548184,5.582906,5.544604,5.593108,0,1,0,0,288.15,0.0,-19541.15
286,2019-04-30T03:23:42Z,1556594622,-57846.0,431.073,2.134223,0.8270087,0.1485933,-,,-,-0.008726646,0.07853982,4.719213,4.486281,4.555726,4.46892,4.513844,4.496483,4.503643,0,1,0,0,288.15,0.0,-20407.65
287,2019-04-30T03:23:43Z,1556594623,-34718.25,429.315,2.112519,0.8270085,0.1485942,-,,-,-0.008726646,0.07853982,3.555573,3.401747,3.436469,3.363379,3.415462,3.38074,3.401747,0,1,0,0,288.15,0.0,-20532.58
288,2019-04-30T03:23:44Z,1556594624,-14652.36,430.2984,2.041784,0.8270083,0.1485953,-,,-,-0.02617994,0.03490658,2.379501,2.272337,2.272337,2.237615,2.258734,2.254976,2.258734,0,1,0,0,288.15,0.0,-22177.45
289,2019-04-30T03:23:45Z,1556594625,20875.63,430.207,2.026156,0.8270079,0.1485966,-,,-,-0.008726646,0.01745329,1.32406,1.172718,1.172718,1.18657,1.18657,1.18657,1.200422,0,1,0,0,288.15,0.0,-10732.37
290,2019-04-30T03:23:46Z,1556594626,60596.33,430.693,2.016165,0.8270073,0.1485979,-,,-,-0.008726646,0.008726646,1.608252,1.565009,1.565009,1.565009,1.565009,1.565009,1.565009,0,1,0,0,288.15,0.0,16614.3
291,2019-04-30T03:23:47Z,1556594627,76566.93,430.1324,2.165098,0.8270068,0.1485976,-,,-,-0.0,-0.0,2.423584,2.353068,2.353068,2.353068,2.353068,2.353068,2.353068,0,1,0,0,288.15,0.0,17457.31
292,2019-04-30T03:23:48Z,1556594628,88422.15,425.6508,2.440391,0.8270048,0.148595,-,,-,0.01745329,-0.01919862,3.22161,3.131727,3.124783,3.149089,3.128255,3.145617,3.145617,0,1,0,0,288.15,0.0,17025.38
293,2019-04-30T03:23:49Z,1556594629,56784.88,422.776,1.755089,0.8270043,0.1485943,-,,-,0.03490658,-0.03490658,3.946933,3.849804,3.815082,3.83996,3.805238,3.836202,3.818841,0,1,0,0,288.15,0.0,7957.644
294,2019-04-30T03:23:50Z,1556594630,113247.8,421.3112,1.603511,0.8270036,0.1485938,-,,-,0.04363323,0.01059664,4.699904,4.542721,4.542721,4.546441,4.542721,4.581163,4.546441,0,1,0,0,288.15,0.0,16938.12
295,2019-04-30T03:23:51Z,1556594631,127067.2,421.9776,1.58374,0.827004,0.1485944,-,,-,-0.001851107,0.1502041,5.510268,5.245916,5.426893,5.26696,5.405849,5.363761,5.34377,0,1,0,0,288.15,0.0,16766.17
296,2019-04-30T03:23:52Z,1556594632,136174.5,420.5872,2.054169,0.8270029,0.1485951,-,,-,-0.08922551,0.2356195,6.386081,6.064188,6.376688,6.025568,6.320707,6.108476,6.237799,0,1,0,0,288.15,0.0,15798.35
297,2019-04-30T03:23:53Z,1556594633,94307.48,419.784,1.835038,0.827003,0.1485958,-,,-,-0.1308997,0.1726436,7.10275,6.746749,7.01701,6.746749,6.974771,6.694666,7.01701,0,1,0,0,288.15,0.0,9056.901
298,2019-04-30T03:23:54Z,1556594634,128862.9,418.7278,1.874643,0.8270018,0.1485971,-,,-,-0.06981317,0.08532721,7.864127,7.564984,7.66915,7.578487,7.673008,7.5129,7.694228,0,1,0,0,288.15,0.0,12862.7
299,2019-04-30T03:23:55Z,1556594635,29229.59,414.0017,1.655932,0.8269999,0.1485985,-,,-,-0.02429066,0.03301731,8.387384,8.096889,8.137696,8.079528,8.096889,8.031203,8.141455,0,1,0,0,288.15,0.0,92.8884
300,2019-04-30T03:23:56Z,1556594636,27889.29,414.0792,1.631532,0.827,0.1485996,-,,-,0.008726646,-0.0,8.718335,8.412084,8.412084,8.412084,8.377361,8.384727,8.425761,0,1,0,0,288.15,0.0,-80.08891
301,2019-04-30T03:23:57Z,1556594637,-57239.94,412.7677,1.504329,0.827,0.148601,-,,-,0.02617994,-0.0,8.596286,8.357347,8.328663,8.279598,8.238838,8.29696,8.305264,0,1,0,0,288.15,0.0,-9901.364
302,2019-04-30T03:23:58Z,1556594638,-86145.44,410.8423,1.598011,0.8269999,0.1486026,-,,-,0.04539619,-0.06284948,8.177329,8.011583,7.872694,7.928285,7.796235,7.924778,7.844986,0,1,0,0,288.15,0.0,-14635.37
303,2019-04-30T03:23:59Z,1556594639,-74910.83,407.283,1.661642,0.8269995,0.1486042,-,,-,0.08915573,-0.1047198,7.509806,7.382209,7.173875,7.291645,7.090828,7.295403,7.121792,0,1,0,0,288.15,0.0,-14884.48
304,2019-04-30T03:24:00Z,1556594640,-112352.1,406.2952,1.666706,0.8269994,0.1486058,-,,-,0.1047198,-0.1134464,6.693654,6.613532,6.405199,6.482239,6.283671,6.482239,6.312426,0,1,0,0,288.15,0.0,-22435.14
305,2019-04-30T03:24:01Z,1556594641,-100927.7,405.9951,1.661467,0.8269992,0.1486081,-,,-,0.1047198,-0.08726646,5.338537,5.254947,5.123853,5.1894,5.07177,5.197195,5.040945,0,1,0,0,288.15,14166.67,-26891.88
306,2019-04-30T03:24:02Z,1556594642,-68200.44,405.7,1.656317,0.8269989,0.1486103,-,,-,0.08726646,-0.0,3.73601,3.590178,3.590178,3.538095,3.538095,3.603923,3.520734,0,1,0,0,288.15,29166.67,-30137.19
343,2019-04-30T03:24:39Z,1556594679,114686.0,402.4864,2.668338,0.8269806,0.148626,-,,-,-0.05235988,0.08537719,9.55904,9.109371,9.282982,9.147852,9.279223,9.095768,9.300344,0,1,0,0,288.15,0.0,8467.959
344,2019-04-30T03:24:40Z,1556594680,154678.4,401.6936,2.552539,0.8269815,0.1486251,-,,-,-0.02617994,0.0504706,9.911666,9.479446,9.583613,9.524013,9.576097,9.504325,9.612249,0,1,0,0,288.15,0.0,11924.43
345,2019-04-30T03:24:41Z,1556594681,160075.0,401.2856,2.604556,0.8269805,0.1486255,-,,-,-0.0,0.01745329,10.37339,9.979644,9.986936,9.98329,10.00065,9.98329,10.05551,0,1,0,0,288.15,0.0,12252.22
346,2019-04-30T03:24:42Z,1556594682,163061.6,400.5,2.538174,0.8269805,0.1486257,-,,-,0.01070589,0.008726646,10.80355,10.41305,10.41305,10.41305,10.41305,10.40357,10.42487,0,1,0,0,288.15,0.0,12073.92
347,2019-04-30T03:24:43Z,1556594683,161880.6,400.4888,2.567048,0.8269795,0.1486265,-,,-,0.01745329,-0.0,11.23961,10.81652,10.78556,10.84748,10.79916,10.84373,10.81276,0,1,0,0,288.15,0.0,11418.06
348,2019-04-30T03:24:44Z,1556594684,154210.1,399.8045,2.330998,0.826979,0.1486304,-,,-,0.01745329,-0.0,11.61965,11.17845,11.17845,11.18235,11.17845,11.20538,11.20148,0,1,0,0,288.15,0.0,10711.39
349,2019-04-30T03:24:45Z,1556594685,136998.3,400.0982,2.280581,0.8269777,0.1486326,-,,-,0.01745329,-0.0,11.92788,11.47483,11.46732,11.47483,11.47108,11.52924,11.49452,0,1,0,0,288.15,0.0,9058.877
350,2019-04-30T03:24:46Z,1556594686,55024.8,400.0,2.250794,0.8269774,0.1486339,-,,-,0.01745329,-0.0,12.03995,11.61699,11.58986,11.58986,11.55894,11.61699,11.59203,0,1,0,0,288.15,0.0,2674.259
351,2019-04-30T03:24:47Z,1556594687,29852.7,399.9981,2.315953,0.8269764,0.1486354,-,,-,0.01745329,0.0106356,11.88474,11.45521,11.46878,11.42809,11.42809,11.47258,11.43406,0,1,0,0,288.15,0.0,-3.824787
352,2019-04-30T03:24:48Z,1556594688,29526.4,399.9,2.310502,0.8269758,0.1486366,-,,-,0.01745329,0.01745329,11.71374,11.25607,11.26367,11.26746,11.2501,11.29459,11.27343,0,1,0,0,288.15,0.0,-10.70356
353,2019-04-30T03:24:49Z,1556594689,28787.3,399.9,2.293335,0.8269753,0.148638,-,,-,0.01745329,0.02617994,11.52354,11.07822,11.12046,11.06838,11.07214,11.09934,11.10543,0,1,0,0,288.15,0.0,-12.5016
354,2019-04-30T03:24:50Z,1556594690,28165.53,399.9018,2.29212,0.8269745,0.1486395,-,,-,0.008726646,0.02617994,11.34943,10.90756,10.95008,10.91146,10.90756,10.88843,10.92492,0,1,0,0,288.15,0.0,-12.30763
355,2019-04-30T03:24:51Z,1556594691,30051.48,400.0018,2.319543,0.8269736,0.1486409,-,,-,0.008726646,0.04363323,11.17212,10.6967,10.79364,10.73432,10.76615,10.74155,10.76977,0,1,0,0,288.15,0.0,-7.866755
356,2019-04-30T03:24:52Z,1556594692,30181.08,400.1016,2.31873,0.8269726,0.1486426,-,,-,-0.0,0.01745329,10.99419,10.58105,10.58105,10.57744,10.57744,10.56731,10.64978,0,1,0,0,288.15,0.0,-24.31462
357,2019-04-30T03:24:53Z,1556594693,89372.78,400.1981,2.269789,0.8269724,0.1486438,-,,-,0.01745329,0.01745329,10.9597,10.50866,10.5237,10.53354,10.51618,10.5237,10.52746,0,1,0,0,288.15,0.0,5415.608
358,2019-04-30T03:24:54Z,1556594694,90793.28,400.1018,2.315123,0.8269718,0.148645,-,,-,-0.0,0.03490658,11.08375,10.59998,10.66942,10.65773,10.65206,10.6308,10.64816,0,1,0,0,288.15,0.0,5498.876
359,2019-04-30T03:24:55Z,1556594695,30179.94,400.2018,2.359685,0.8269703,0.1486466,-,,-,-0.0,0.03316125,10.98909,10.55729,10.61285,10.56424,10.58507,10.59896,10.65451,0,1,0,0,288.15,0.0,25.79206
360,2019-04-30T03:24:56Z,1556594696,28988.27,400.3018,2.357394,0.8269693,0.1486482,-,,-,0.0106356,0.0106356,10.83552,10.3928,10.36567,10.42372,10.39659,10.39659,10.41395,0,1,0,0,288.15,0.0,-22.59015
361,2019-04-30T03:24:57Z,1556594697,30854.65,400.4068,2.232869,0.8269689,0.1486531,-,,-,0.01745329,0.01591894,10.66527,10.20687,10.23548,10.22423,10.22118,10.30703,10.23548,0,1,0,0,288.15,0.0,-13.53951
362,2019-04-30T03:24:58Z,1556594698,29639.9,400.8016,2.267995,0.8269678,0.1486534,-,,-,0.01745329,0.008726646,10.47014,10.07788,10.07036,10.06804,10.05067,10.0854,10.08916,0,1,0,0,287.53,0.0,-9.614729
363,2019-04-30T03:24:59Z,1556594699,29597.96,400.8962,2.3174,0.8269663,0.1486527,-,,-,0.01745329,0.01745329,10.2812,9.906248,9.906248,9.898373,9.888886,9.906248,9.90231,0,1,0,0,287.15,0.0,-23.63377
364,2019-04-30T03:25:00Z,1556594700,29249.06,400.7,2.296853,0.8269653,0.1486544,-,,-,0.01745329,0.01745329,10.15321,9.781152,9.781152,9.753947,9.753947,9.761464,9.761464,0,1,0,0,287.15,0.0,2.001329
365,2019-04-30T03:25:01Z,1556594701,-14096.85,400.6932,2.2965,0.8269643,0.1486561,-,,-,0.01745329,0.01745329,9.9231,9.531574,9.582226,9.547503,9.555021,9.564865,9.568624,0,1,0,0,287.15,0.0,-4551.723
366,2019-04-30T03:25:02Z,1556594702,-31940.65,400.243,2.272926,0.8269634,0.1486591,-,,-,0.01745329,0.01745329,9.438368,9.100634,9.108151,9.075756,9.079515,9.093117,9.096875,0,1,0,0,287.15,0.0,-6989.013
367,2019-04-30T03:25:03Z,1556594703,-34957.46,399.7968,2.24945,0.8269626,0.1486622,-,,-,0.01745329,0.008726646,8.911796,8.583883,8.591478,8.562723,8.552958,8.580085,8.539395,0,1,0,0,287.15,0.0,-7575.287
374,2019-04-30T03:25:10Z,1556594710,-22218.88,400.1943,2.127556,0.8269526,0.1486797,-,,-,0.01745329,0.02617994,2.27062,2.17628,2.17628,2.141558,2.145138,2.158919,2.158919,0,1,0,0,287.15,20833.33,-28513.99
375,2019-04-30T03:25:11Z,1556594711,21840.39,399.8952,2.127696,0.8269517,0.1486816,-,,-,0.01745329,0.02617994,0.7724769,0.5424005,0.5424005,0.6898804,0.6898804,0.6898804,0.6898804,0,1,0,0,287.15,118762.9,-17322.44
376,2019-04-30T03:25:12Z,1556594712,28578.89,399.5968,2.136395,0.8269509,0.1486836,-,,-,0.01745329,0.02617994,0.0,0.0,0.0,0.0,0.0,0.0,0.0,0,1,0,0,287.15,119629.6,-6.655452
377,2019-04-30T03:25:13Z,1556594713,27972.82,399.3949,2.143442,0.8269501,0.1486856,-,,-,0.01745329,0.02617994,0.0,0.0,0.0,0.0,0.0,0.0,0.0,0,1,0,0,287.15,245646.2,-2.601404
378,2019-04-30T03:25:14Z,1556594714,28028.8,399.0949,2.153736,0.8269488,0.1486882,-,,-,0.01745329,0.02617994,0.0,0.0,0.0,0.0,0.0,0.0,0.0,0,1,0,0,287.15,245651.0,-2.601404
379,2019-04-30T03:25:15Z,1556594715,28376.83,398.7966,2.153825,0.8269479,0.1486902,-,,-,0.01745329,0.02806921,0.0,0.0,0.0,0.0,0.0,0.0,0.0,0,1,0,0,287.15,244819.6,0.0
380,2019-04-30T03:25:16Z,1556594716,27947.4,398.6016,2.124463,0.826947,0.1486922,-,,-,0.01745329,0.02617994,0.0,0.0,0.0,0.0,0.0,0.0,0.0,1,1,0,0,287.15,244166.7,0.0
